Ravi,Sharma,+91 9876543210,ravi.sharma123@example.com,"MG Road, New Delhi, Delhi, India - 110001"
Anjali,Mehta,+91 9876543211,anjali.mehta@example.com,"45, Juhu Lane, Mumbai, Maharashtra, India - 400049"
Suresh,Patel,+91 9876543212,suresh.patel@example.com	789," Ashram Road, Ahmedabad, Gujarat, India - 380009"
Priya ,Reddy	,+91 9876543213	,priya.reddy67@example.com,"Banjara Hills, Hyderabad, Telangana, India - 500034"
Amit ,Kumar	,+91 9876543214	,amit.kumar23@example.com,"Park Street, Kolkata, West Bengal, India - 700016"
Kavita ,Singh	,+91 9876543215	,kavita.singh12@example.com,"Sector 17, Chandigarh, India - 160017"
Rohit ,Gupta	,+91 9876543216	,rohit.gupta@example.com	,"56, MG Road, Pune, Maharashtra, India - 411001"
Neha ,Das	,+91 9876543217	,neha.das86@example.com,"Salt Lake, Kolkata, West Bengal, India - 700064"
Vikram ,Nair	,+91 9876543218	,vikram.nair@example.com,"Marine Drive, Mumbai, Maharashtra, India - 400020"
Meena ,Iyer	,+91 9876543219	,meena.iyer78@example.com,"Lalbagh Road, Bangalore, Karnataka, India - 560027"
Arjun ,Verma	,+91 9876543220	,arjun.verma101@example.com,"Indiranagar, Bangalore, Karnataka, India - 560038"
Sanjana ,Rao	,+91 9876543221	,sanjana.rao@example.com,"Banjara Hills, Hyderabad, Telangana, India - 500034"
Kiran ,Joshi	,+91 9876543222	,kiran.joshi@example.com,"Marine Drive, Mumbai, Maharashtra, India - 400020"
Vivek,Chauhan	,+91 9876543223	,vivek.chauhan@example.com,"Park Street, Kolkata, West Bengal, India - 700016"
Nisha ,Kapoor	,+91 9876543224	,nisha.kapoor@example.com	,"MG Road, Pune, Maharashtra, India - 411001"
Gaurav ,Mishra	,+91 9876543225	,gaurav.mishra@example.com ,"Salt Lake, Kolkata, West Bengal, India - 700064"
Pooja ,Desai,+91 9876543226	,pooja.desai@example.com,"Juhu Lane, Mumbai, Maharashtra, India - 400049"
Rakesh ,Bansal	,+91 9876543227	,rakesh.bansal@example.com,"Sector 17, Chandigarh, India - 160017"
Simran ,Kaur	,+91 9876543228	,simran.kaur@example.com,"Ashram Road, Ahmedabad, Gujarat, India - 380009"
Manish ,Khanna	,+91 9876543229	,manish.khanna@example.com,"MG Road, New Delhi, Delhi, India - 110001"
Aditi ,Saxena	,+91 9876543230	,aditi.saxena@example.com,"Banjara Hills, Hyderabad, Telangana, India - 500034"
Naveen ,Yadav	,+91 9876543231	,naveen.yadav@example.com,"Marine Drive, Mumbai, Maharashtra, India - 400020"
Sneha ,Malhotra	,+91 9876543232	,sneha.malhotra@example.com,"Park Street, Kolkata, West Bengal, India - 700016"
Rohan,Bhatia	,+91 9876543233	,rohan.bhatia@example.com,"MG Road, Pune, Maharashtra, India - 411001"
Vidya,Sharma,+91 9876543234	,vidya.sharma@example.com	," Salt Lake, Kolkata, West Bengal, India - 700064"
Tarun ,Arora	,+91 9876543235	,tarun.arora@example.com," Juhu Lane, Mumbai, Maharashtra, India - 400049"
Ritu , Aggarwal	,+91 9876543236	,ritu.aggarwal@example.com	,"Sector 17, Chandigarh, India - 160017"
Rajesh , Singh	, +91 9876543237	, rajesh.singh@example.com," Ashram Road, Ahmedabad, Gujarat, India - 380009"
Meera , Ghosh , +91 9876543238	, meera.ghosh@example.com ,"  MG Road, New Delhi, Delhi, India - 110001"
Rahul,Nanda	, +91 9876543239	, rahul.nanda@example.com," Banjara Hills, Hyderabad, Telangana, India - 500034"
Karan,Thakur,+916909211171,karanthakur@gmail.com,"Nongrim hillsMeghalaya,india,793003"
Rishab,Padwal,+91 9774050733,rishab.padwal25@gmail.com,"Upper Nongrim Hills, Shillong,Meghalaya,793004"
